-- Create the ITI database
CREATE DATABASE ITIAssignment5;
GO

USE ITIAssignment5;
GO

-- Create Departments table
CREATE TABLE Departments (
    DepartmentID INT PRIMARY KEY,
    DepartmentName VARCHAR(100)
);
GO

-- Insert 30 departments
INSERT INTO Departments (DepartmentID, DepartmentName)
VALUES
(1, 'Computer Science'),
(2, 'Engineering'),
(3, 'Business'),
(4, 'Mathematics'),
(5, 'Physics'),
(6, 'Chemistry'),
(7, 'Biology'),
(8, 'History'),
(9, 'Psychology'),
(10, 'Philosophy'),
(11, 'Sociology'),
(12, 'Art'),
(13, 'Economics'),
(14, 'Political Science'),
(15, 'Music'),
(16, 'Education'),
(17, 'Law'),
(18, 'Nursing'),
(19, 'Environmental Science'),
(20, 'Anthropology'),
(21, 'Statistics'),
(22, 'Geology'),
(23, 'Linguistics'),
(24, 'Architecture'),
(25, 'Information Technology'),
(26, 'Medicine'),
(27, 'English'),
(28, 'French'),
(29, 'Journalism'),
(30, 'Communication');
GO

-- Create Students table
CREATE TABLE Students (
    StudentID INT PRIMARY KEY,
    FirstName VARCHAR(100) NULL,
    LastName VARCHAR(100) NULL,
    BirthDate DATE,
    GradeLevel INT,
    EnrollmentDate DATE,
    IsActive BIT,
    DepartmentID INT FOREIGN KEY REFERENCES Departments(DepartmentID)
);
GO

-- Insert 30 students
INSERT INTO Students (StudentID, FirstName, LastName, BirthDate, GradeLevel, EnrollmentDate, IsActive, DepartmentID)
VALUES
(1, 'Ali', 'Ahmed', '2001-05-20', 1, '2020-09-01', 1, 1),
(2, 'Sarah', 'Khalil', '2000-08-15', 2, '2019-09-01', 1, 2),
(3, 'Omar', 'Hassan', '1999-12-10', 3, '2018-09-01', 1, 3),
(4, 'Leila', 'Mahmoud', '2002-03-25', 1, '2021-09-01', 1, 4),
(5, 'Mona', 'Ibrahim', '2001-07-12', 2, '2020-09-01', 1, 5),
(6, 'Ahmad', 'Fahmy', '1998-11-30', 4, '2017-09-01', 1, 6),
(7, 'Yara', 'Saleh', '2000-09-18', 3, '2019-09-01', 1, 7),
(8, 'Hussein', 'Gamal', '2001-02-20', 2, '2020-09-01', 1, 8),
(9, 'Nadia', 'Farouk', '1999-11-07', 4, '2018-09-01', 1, 9),
(10, 'Tariq', 'Ali', '2002-06-16', 1, '2021-09-01', 1, 10),
(11, 'Amina', 'Rashid', '2001-01-22', 2, '2020-09-01', 1, 11),
(12, 'Khaled', 'Morsi', '2000-05-05', 3, '2019-09-01', 1, 12),
(13, 'Rana', 'Ismail', '1998-08-30', 4, '2017-09-01', 1, 13),
(14, 'Hana', 'Saad', '1999-10-10', 3, '2018-09-01', 1, 14),
(15, 'Fadi', 'Othman', '2001-04-04', 2, '2020-09-01', 1, 15),
(16, 'Samira', 'Kassem', '1997-09-29', 4, '2016-09-01', 1, 16),
(17, 'Nour', 'Awad', '2000-12-12', 2, '2019-09-01', 1, 17),
(18, 'Yasmine', 'Zaki', '2002-01-30', 1, '2021-09-01', 1, 18),
(19, 'Mohamed', 'Aziz', '1999-07-20', 4, '2018-09-01', 1, 19),
(20, 'Fatima', 'Selim', '2001-10-11', 2, '2020-09-01', 1, 20),
(21, 'Ibrahim', 'Hamdy', '1998-03-22', 4, '2017-09-01', 1, 21),
(22, 'Amr', 'Youssef', '1999-06-06', 3, '2018-09-01', 1, 22),
(23, 'Heba', 'Sayed', '2001-08-24', 2, '2020-09-01', 1, 23),
(24, 'Ola', 'Reda', '2000-10-19', 3, '2019-09-01', 1, 24),
(25, 'Wael', 'Gaber', '1998-12-25', 4, '2017-09-01', 1, 25),
(26, 'Mariam', 'Helmy', '2000-02-13', 3, '2019-09-01', 1, 26),
(27, 'Adel', 'Nasr', '1999-05-02', 4, '2018-09-01', 1, 27),
(28, 'Rasha', 'El-Shamy', '2001-09-11', 2, '2020-09-01', 1, 28),
(29, 'Nourhan', 'Qassem', '2002-02-02', 1, '2021-09-01', 1, 29),
(30, 'Bassam', 'Shaker', '2000-03-14', 3, '2019-09-01', 1, 30);
GO

-- Create Teachers table
CREATE TABLE Teachers (
    TeacherID INT PRIMARY KEY,
    FirstName VARCHAR(100),
    LastName VARCHAR(100),
    HireDate DATE,
    Department VARCHAR(100),
    IsActive BIT
);
GO

-- Insert 30 teachers
INSERT INTO Teachers (TeacherID, FirstName, LastName, HireDate, Department, IsActive)
VALUES
(1, 'John', 'Smith', '2010-08-01', 'Computer Science', 1),
(2, 'Jane', 'Doe', '2012-09-15', 'Engineering', 1),
(3, 'Michael', 'Brown', '2015-07-12', 'Business', 1),
(4, 'Emily', 'Davis', '2009-06-22', 'Mathematics', 1),
(5, 'Ahmed', 'Khan', '2018-01-30', 'Physics', 1),
(6, 'Fatima', 'Al-Jaber', '2016-03-11', 'Chemistry', 1),
(7, 'Ali', 'Hassan', '2013-09-03', 'Biology', 1),
(8, 'Aisha', 'Naguib', '2011-10-25', 'History', 1),
(9, 'Mustafa', 'El-Sayed', '2008-11-17', 'Psychology', 1),
(10, 'Laila', 'Mansour', '2014-05-20', 'Philosophy', 1),
(11, 'Adam', 'Green', '2005-08-18', 'Sociology', 1),
(12, 'Nora', 'White', '2007-09-02', 'Art', 1),
(13, 'Ismail', 'Sharif', '2019-04-13', 'Economics', 1),
(14, 'Yasmin', 'Omar', '2010-02-26', 'Political Science', 1),
(15, 'Farah', 'Hassan', '2006-01-08', 'Music', 1),
(16, 'Mohamed', 'Ali', '2011-12-12', 'Education', 1),
(17, 'Salma', 'Ibrahim', '2018-05-21', 'Law', 1),
(18, 'Omar', 'Adel', '2017-06-07', 'Nursing', 1),
(19, 'Rania', 'Salem', '2019-09-14', 'Environmental Science', 1),
(20, 'Hussein', 'Gaber', '2013-11-27', 'Anthropology', 1),
(21, 'Mona', 'Salah', '2007-03-09', 'Statistics', 1),
(22, 'Ziad', 'Maher', '2015-07-18', 'Geology', 1),
(23, 'Rana', 'Sharaf', '2020-08-12', 'Linguistics', 1),
(24, 'Nada', 'Fouad', '2016-11-30', 'Architecture', 1),
(25, 'Kareem', 'Ismail', '2014-04-24', 'Information Technology', 1),
(26, 'Layla', 'Zein', '2009-02-01', 'Medicine', 1),
(27, 'Wael', 'Kamel', '2012-10-15', 'English', 1),
(28, 'Nabil', 'Farag', '2006-12-05', 'French', 1),
(29, 'Sherif', 'Samy', '2019-01-27', 'Journalism', 1),
(30, 'Samar', 'Awad', '2011-07-16', 'Communication', 1);
GO

-- Create Courses table
CREATE TABLE Courses (
    CourseID INT PRIMARY KEY,
    CourseName VARCHAR(100),
    Credits INT
);
GO

-- Insert courses
INSERT INTO Courses (CourseID, CourseName, Credits)
VALUES
(1, 'Introduction to Programming', 3),
(2, 'Data Structures and Algorithms', 4),
(3, 'Database Systems', 3),
(4, 'Operating Systems', 4),
(5, 'Computer Networks', 3),
(6, 'Software Engineering', 3),
(7, 'Web Development', 3),
(8, 'Mobile Application Development', 3),
(9, 'Artificial Intelligence', 3),
(10, 'Machine Learning', 3),
(11, 'Discrete Mathematics', 3),
(12, 'Computer Graphics', 3),
(13, 'Human-Computer Interaction', 3),
(14, 'Cybersecurity', 3),
(15, 'Cloud Computing', 3),
(16, 'Digital Signal Processing', 3),
(17, 'Embedded Systems', 3),
(18, 'Parallel Computing', 3),
(19, 'Quantum Computing', 3),
(20, 'Natural Language Processing', 3),
(21, 'Big Data Analytics', 3),
(22, 'Information Retrieval', 3),
(23, 'Game Development', 3),
(24, 'Software Testing', 3),
(25, 'Computer Vision', 3),
(26, 'Data Mining', 3),
(27, 'Ethical Hacking', 3),
(28, 'Blockchain Technology', 3),
(29, 'Virtual Reality', 3),
(30, 'Robotics', 3);
GO

-- Create Enrollments table
CREATE TABLE Enrollments (
    EnrollmentID INT PRIMARY KEY,
    StudentID INT FOREIGN KEY REFERENCES Students(StudentID),
    CourseID INT FOREIGN KEY REFERENCES Courses(CourseID),
    EnrollmentDate DATE,
    Grade DECIMAL(3,2)
);
GO
-- Insert enrollments
INSERT INTO Enrollments (EnrollmentID, StudentID, CourseID, EnrollmentDate, Grade)
VALUES
(1, 1, 1, '2021-09-01', 2.50),
(2, 1, 2, '2021-09-01', 3.70),
(3, 1, 3, '2021-09-01', 3.00),
(4, 1, 4, '2021-09-01', 2.80),
(5, 1, 5, '2021-09-01', 3.50),

(6, 2, 1, '2021-09-01', 3.10),
(7, 2, 6, '2021-09-01', 3.80),
(8, 2, 7, '2021-09-01', 3.40),
(9, 2, 8, '2021-09-01', 2.90),
(10, 2, 9, '2021-09-01', 3.70),

(11, 3, 2, '2021-09-01', 3.60),
(12, 3, 4, '2021-09-01', 2.80),
(13, 3, 6, '2021-09-01', 3.85),
(14, 3, 10, '2021-09-01', 3.90),
(15, 3, 11, '2021-09-01', 3.45),

(16, 4, 3, '2021-09-01', 2.80),
(17, 4, 12, '2021-09-01', 3.65),
(18, 4, 13, '2021-09-01', 3.90),
(19, 4, 5, '2021-09-01', 3.40),
(20, 4, 7, '2021-09-01', 3.50),

(21, 5, 8, '2021-09-01', 3.55),
(22, 5, 9, '2021-09-01', 2.70),
(23, 5, 10, '2021-09-01', 3.10),
(24, 5, 11, '2021-09-01', 3.85),
(25, 5, 12, '2021-09-01', 3.50),

(26, 6, 6, '2021-09-01', 3.90),
(27, 6, 13, '2021-09-01', 3.95),
(28, 6, 14, '2021-09-01', 3.80),
(29, 6, 15, '2021-09-01', 3.85),
(30, 6, 16, '2021-09-01', 3.70),

(31, 7, 1, '2021-09-01', 3.50),
(32, 7, 2, '2021-09-01', 3.75),
(33, 7, 3, '2021-09-01', 3.60),
(34, 7, 4, '2021-09-01', 3.70),
(35, 7, 5, '2021-09-01', 3.90),

(36, 8, 6, '2021-09-01', 3.55),
(37, 8, 7, '2021-09-01', 3.35),
(38, 8, 8, '2021-09-01', 2.85),
(39, 8, 9, '2021-09-01', 3.25),
(40, 8, 10, '2021-09-01', 3.95),

(41, 9, 11, '2021-09-01', 3.60),
(42, 9, 12, '2021-09-01', 3.90),
(43, 9, 13, '2021-09-01', 3.85),
(44, 9, 14, '2021-09-01', 2.95),
(45, 9, 15, '2021-09-01', 3.75),

(46, 10, 1, '2021-09-01', 3.55),
(47, 10, 3, '2021-09-01', 3.20),
(48, 10, 5, '2021-09-01', 2.90),
(49, 10, 7, '2021-09-01', 3.85),
(50, 10, 9, '2021-09-01', 3.65),

(51, 11, 2, '2021-09-01', 3.70),
(52, 11, 4, '2021-09-01', 3.80),
(53, 11, 6, '2021-09-01', 3.50),
(54, 11, 8, '2021-09-01', 3.75),
(55, 11, 10, '2021-09-01', 3.95),

(56, 12, 11, '2021-09-01', 3.40),
(57, 12, 13, '2021-09-01', 2.90),
(58, 12, 15, '2021-09-01', 3.60),
(59, 12, 17, '2021-09-01', 3.50),
(60, 12, 19, '2021-09-01', 3.75),

(61, 13, 3, '2021-09-01', 2.75),
(62, 13, 5, '2021-09-01', 3.50),
(63, 13, 7, '2021-09-01', 3.35),
(64, 13, 9, '2021-09-01', 3.95),
(65, 13, 11, '2021-09-01', 3.40),

(66, 14, 12, '2021-09-01', 3.85),
(67, 14, 14, '2021-09-01', 3.65),
(68, 14, 16, '2021-09-01', 3.90),
(69, 14, 18, '2021-09-01', 3.70),
(70, 14, 20, '2021-09-01', 3.95),

(71, 15, 1, '2021-09-01', 2.80),
(72, 15, 3, '2021-09-01', 3.75),
(73, 15, 5, '2021-09-01', 3.85),
(74, 15, 7, '2021-09-01', 3.95),
(75, 15, 9, '2021-09-01', 3.50),

(76, 16, 2, '2021-09-01', 3.60),
(77, 16, 4, '2021-09-01', 3.55),
(78, 16, 6, '2021-09-01', 3.95),
(79, 16, 8, '2021-09-01', 3.40),
(80, 16, 10, '2021-09-01', 3.75),

(81, 17, 11, '2021-09-01', 3.65),
(82, 17, 13, '2021-09-01', 3.90),
(83, 17, 15, '2021-09-01', 3.35),
(84, 17, 17, '2021-09-01', 2.95),
(85, 17, 19, '2021-09-01', 3.85),

(86, 18, 12, '2021-09-01', 3.40),
(87, 18, 14, '2021-09-01', 3.10),
(88, 18, 16, '2021-09-01', 2.95),
(89, 18, 18, '2021-09-01', 3.80),
(90, 18, 20, '2021-09-01', 3.70),

(91, 19, 1, '2021-09-01', 3.85),
(92, 19, 3, '2021-09-01', 3.95),
(93, 19, 5, '2021-09-01', 3.90),
(94, 19, 7, '2021-09-01', 3.75),
(95, 19, 9, '2021-09-01', 3.50),

(96, 20, 2, '2021-09-01', 2.85),
(97, 20, 4, '2021-09-01', 3.70),
(98, 20, 6, '2021-09-01', 3.60),
(99, 20, 8, '2021-09-01', 3.55),
(100, 20, 10, '2021-09-01', 3.40),

(101, 21, 11, '2021-09-01', 3.85),
(102, 21, 12, '2021-09-01', 3.75),
(103, 21, 13, '2021-09-01', 3.50),
(104, 21, 14, '2021-09-01', 3.45),
(105, 21, 15, '2021-09-01', 3.60),

(106, 22, 16, '2021-09-01', 3.75),
(107, 22, 17, '2021-09-01', 3.80),
(108, 22, 18, '2021-09-01', 3.65),
(109, 22, 19, '2021-09-01', 3.90),
(110, 22, 20, '2021-09-01', 3.40),

(111, 23, 1, '2021-09-01', 3.55),
(112, 23, 2, '2021-09-01', 2.90),
(113, 23, 3, '2021-09-01', 3.65),
(114, 23, 4, '2021-09-01', 3.85),
(115, 23, 5, '2021-09-01', 3.75),

(116, 24, 6, '2021-09-01', 3.95),
(117, 24, 7, '2021-09-01', 3.40),
(118, 24, 8, '2021-09-01', 2.75),
(119, 24, 9, '2021-09-01', 3.20),
(120, 24, 10, '2021-09-01', 3.60),

(121, 25, 11, '2021-09-01', 3.55),
(122, 25, 12, '2021-09-01', 3.35),
(123, 25, 13, '2021-09-01', 3.90),
(124, 25, 14, '2021-09-01', 3.45),
(125, 25, 15, '2021-09-01', 3.75),

(126, 26, 16, '2021-09-01', 3.65),
(127, 26, 17, '2021-09-01', 3.85),
(128, 26, 18, '2021-09-01', 3.70),
(129, 26, 19, '2021-09-01', 3.80),
(130, 26, 20, '2021-09-01', 3.50),

(131, 27, 1, '2021-09-01', 3.90),
(132, 27, 2, '2021-09-01', 2.75),
(133, 27, 3, '2021-09-01', 3.40),
(134, 27, 4, '2021-09-01', 3.50),
(135, 27, 5, '2021-09-01', 3.60),

(136, 28, 6, '2021-09-01', 3.95),
(137, 28, 7, '2021-09-01', 3.35),
(138, 28, 8, '2021-09-01', 3.70),
(139, 28, 9, '2021-09-01', 3.65),
(140, 28, 10, '2021-09-01', 3.85),

(141, 29, 11, '2021-09-01', 3.40),
(142, 29, 12, '2021-09-01', 3.90),
(143, 29, 13, '2021-09-01', 3.60),
(144, 29, 14, '2021-09-01', 3.55),
(145, 29, 15, '2021-09-01', 3.45),

(146, 30, 16, '2021-09-01', 3.75),
(147, 30, 17, '2021-09-01', 3.50),
(148, 30, 18, '2021-09-01', 3.65),
(149, 30, 19, '2021-09-01', 3.85),
(150, 30, 20, '2021-09-01', 3.95);
GO
